{"train_loss": [0.4359804286944623, 0.38042191981471013, 0.34880028691199816, 0.32600720152639007, 0.30767687169682917, 0.29248063446839856, 0.279837617208725, 0.2678725565118449, 0.2578919193830949, 0.24847033662170323, 0.24013968326189383, 0.2317952448098293, 0.22514808294600902, 0.21834927266796253, 0.21233433564146031, 0.2066066090839592, 0.20110641193946785, 0.19575294632255574, 0.19145583031623034, 0.18640992729164355, 0.18223599658338163, 0.17829929933674177, 0.17455199454454895, 0.17134718871105234, 0.16720709816685744, 0.1637763869402246, 0.16113651580918503, 0.15816167296784722, 0.15515725068244324, 0.1520836630394226], "valid_loss": [0.4001432384582276, 0.34581884583260153, 0.315929262086432, 0.2967381699288145, 0.2774148485127916, 0.2660604032113197, 0.2470863586727609, 0.23545106817433176, 0.22771547742663545, 0.21939798341469563, 0.21425700583990584, 0.20535517666251102, 0.1994489697699851, 0.19610348652969015, 0.19144761158113785, 0.18666461633240922, 0.18288931741993478, 0.18071990412600497, 0.1750179720210268, 0.17204631310194096, 0.1725186972700535, 0.16736908264933748, 0.16427875658933153, 0.16035327640302638, 0.15857715991900323, 0.15536067745787033, 0.15220041097478665, 0.1521479552413555, 0.1499999907422573, 0.14687809657226217], "valid_acc": [0.8729616403579712, 0.8862231969833374, 0.8943855166435242, 0.8963331580162048, 0.9026363492012024, 0.902370810508728, 0.9073460698127747, 0.9124807715415955, 0.9145346283912659, 0.9138795137405396, 0.9163936972618103, 0.9170665144920349, 0.9189256429672241, 0.920430600643158, 0.9210857152938843, 0.9235467910766602, 0.923670768737793, 0.9236530661582947, 0.9259547591209412, 0.9259370565414429, 0.9257954359054565, 0.9272826910018921, 0.928805410861969, 0.9307530522346497, 0.9293188452720642, 0.93069988489151, 0.9332672357559204, 0.9328954219818115, 0.9339577555656433, 0.9347367882728577], "saved_epochs": [1, 2, 3, 4, 5, 6, 7, 8, 9, 10, 11, 12, 13, 14, 15, 16, 17, 18, 19, 20, 22, 23, 24, 25, 26, 27, 28, 29, 30]}